donor_id,city,neighborhood,donor_type,latitude,longitude,date,time,surplus_kg,weather,event
DON_6980,Pune,Koregaon Park,Grocery Store,18.4781,73.9822,2023-01-02,12:00,30.24610188045679,Sunny,None
DON_6980,Pune,Koregaon Park,Grocery Store,18.4781,73.9822,2023-01-03,21:00,15.389176963875821,Sunny,Pune Festival
DON_9697,Pune,Baner,Grocery Store,18.4848,73.8696,2023-01-01,18:00,28.22132986182719,Sunny,None
DON_9697,Pune,Baner,Grocery Store,18.4848,73.8696,2023-01-07,17:00,8.480351746596899,Sunny,None
DON_9697,Pune,Baner,Grocery Store,18.4848,73.8696,2023-01-06,13:00,4.927036508021934,Sunny,None
DON_2558,Pune,Baner,Grocery Store,18.574,73.9823,2023-01-07,21:00,20.41208035074215,Rainy,Diwali
DON_2558,Pune,Baner,Grocery Store,18.574,73.9823,2023-01-02,14:00,26.115005520171536,Rainy,Eid
DON_2558,Pune,Baner,Grocery Store,18.574,73.9823,2023-01-03,11:00,32.80746859235692,Sunny,None
DON_8211,Pune,Hinjewadi,Caterer,18.5761,73.8235,2023-01-03,13:00,64.68874491486594,Rainy,None
DON_8211,Pune,Hinjewadi,Caterer,18.5761,73.8235,2023-01-06,16:00,47.7863068574922,Rainy,None
DON_8211,Pune,Hinjewadi,Caterer,18.5761,73.8235,2023-01-04,11:00,8.764645645167251,Rainy,None
DON_8211,Pune,Hinjewadi,Caterer,18.5761,73.8235,2023-01-05,08:00,25.374892665803465,Rainy,Pune Festival
DON_8211,Pune,Hinjewadi,Caterer,18.5761,73.8235,2023-01-04,13:00,8.554385609575952,Rainy,None
DON_9553,Pune,Baner,Grocery Store,18.4958,73.9116,2023-01-04,09:00,18.951919523714324,Sunny,None
DON_3945,Pune,Baner,Grocery Store,18.4767,73.9522,2023-01-06,14:00,27.18552084326256,Rainy,Pune Festival
DON_3300,Pune,Koregaon Park,Grocery Store,18.4929,73.9631,2023-01-05,18:00,30.983038908181115,Sunny,None
DON_3300,Pune,Koregaon Park,Grocery Store,18.4929,73.9631,2023-01-01,19:00,5.614891184361604,Sunny,None
DON_4059,Pune,Baner,Restaurant,18.4866,73.9784,2023-01-04,09:00,35.40285296442542,Sunny,Pune Festival
DON_5250,Pune,Hinjewadi,Caterer,18.5906,73.9297,2023-01-01,11:00,13.743588594169815,Cloudy,Eid
DON_5250,Pune,Hinjewadi,Caterer,18.5906,73.9297,2023-01-06,16:00,6.535392989812385,Rainy,None
DON_5250,Pune,Hinjewadi,Caterer,18.5906,73.9297,2023-01-06,09:00,41.41821054398484,Rainy,Diwali
DON_5250,Pune,Hinjewadi,Caterer,18.5906,73.9297,2023-01-05,08:00,40.25184394596643,Sunny,None
DON_5250,Pune,Hinjewadi,Caterer,18.5906,73.9297,2023-01-03,19:00,5.161630297890931,Sunny,Eid
DON_6126,Pune,Kothrud,Caterer,18.5866,73.9502,2023-01-07,18:00,15.261745071454238,Sunny,None
DON_6126,Pune,Kothrud,Caterer,18.5866,73.9502,2023-01-04,13:00,67.52675792040775,Cloudy,Pune Festival
DON_6126,Pune,Kothrud,Caterer,18.5866,73.9502,2023-01-02,13:00,7.235969243103343,Cloudy,None
DON_6126,Pune,Kothrud,Caterer,18.5866,73.9502,2023-01-01,13:00,10.453835363770875,Sunny,None
DON_6126,Pune,Kothrud,Caterer,18.5866,73.9502,2023-01-02,20:00,18.411309130646316,Sunny,Diwali
DON_5740,Pune,Hinjewadi,Grocery Store,18.558,73.9981,2023-01-07,11:00,23.612110473228686,Rainy,None
DON_5740,Pune,Hinjewadi,Grocery Store,18.558,73.9981,2023-01-04,10:00,38.91806601344176,Sunny,Diwali
DON_8058,Pune,Kothrud,Restaurant,18.4978,73.8448,2023-01-02,09:00,10.252253006133767,Rainy,Pune Festival
DON_8058,Pune,Kothrud,Restaurant,18.4978,73.8448,2023-01-04,13:00,25.60117747317966,Rainy,None
DON_8058,Pune,Kothrud,Restaurant,18.4978,73.8448,2023-01-03,11:00,10.496737203129335,Sunny,None
DON_8058,Pune,Kothrud,Restaurant,18.4978,73.8448,2023-01-03,15:00,15.985940847020196,Sunny,None
DON_3190,Pune,Hinjewadi,Caterer,18.5664,73.8649,2023-01-06,10:00,124.344009775151,Sunny,Eid
DON_3190,Pune,Hinjewadi,Caterer,18.5664,73.8649,2023-01-04,18:00,46.01558950189614,Sunny,Diwali
DON_3190,Pune,Hinjewadi,Caterer,18.5664,73.8649,2023-01-05,10:00,10.965819827508481,Sunny,None
DON_8837,Pune,Baner,Grocery Store,18.4729,73.8958,2023-01-02,11:00,30.59720146369414,Sunny,Pune Festival
DON_5379,Pune,Kothrud,Restaurant,18.5088,73.8325,2023-01-06,13:00,28.145220768156427,Sunny,Eid
DON_5379,Pune,Kothrud,Restaurant,18.5088,73.8325,2023-01-01,19:00,53.475508692909244,Sunny,None
DON_5379,Pune,Kothrud,Restaurant,18.5088,73.8325,2023-01-07,20:00,20.564691815518337,Rainy,None
DON_5379,Pune,Kothrud,Restaurant,18.5088,73.8325,2023-01-04,17:00,6.722715362638673,Rainy,Ganesh Chaturthi
DON_7759,Pune,Koregaon Park,Restaurant,18.4556,73.9126,2023-01-05,10:00,33.06682603571318,Sunny,Diwali
DON_6684,Pune,Baner,Caterer,18.4818,73.9755,2023-01-01,16:00,5.847946287530396,Rainy,None
DON_6684,Pune,Baner,Caterer,18.4818,73.9755,2023-01-06,10:00,5.482029456533326,Rainy,None
DON_6684,Pune,Baner,Caterer,18.4818,73.9755,2023-01-02,17:00,10.929114406504867,Rainy,None
DON_6684,Pune,Baner,Caterer,18.4818,73.9755,2023-01-05,18:00,21.147829767831027,Sunny,None
DON_6684,Pune,Baner,Caterer,18.4818,73.9755,2023-01-04,17:00,43.030011159394924,Cloudy,Eid
DON_6684,Pune,Baner,Caterer,18.4818,73.9755,2023-01-02,16:00,22.130110713822052,Sunny,None
DON_6684,Pune,Baner,Caterer,18.4818,73.9755,2023-01-03,12:00,48.12011722414731,Sunny,None
DON_5500,Pune,Viman Nagar,Restaurant,18.4615,73.8435,2023-01-02,16:00,26.640184385136553,Sunny,Eid
DON_9539,Pune,Baner,Grocery Store,18.4774,73.8754,2023-01-02,17:00,52.71446302200533,Rainy,Pune Festival
DON_9539,Pune,Baner,Grocery Store,18.4774,73.8754,2023-01-02,18:00,16.095546788546386,Sunny,None
DON_5670,Pune,Baner,Grocery Store,18.5852,73.9503,2023-01-02,09:00,25.900212252213205,Sunny,None
DON_5670,Pune,Baner,Grocery Store,18.5852,73.9503,2023-01-04,09:00,8.325040515554496,Rainy,None
DON_7093,Pune,Koregaon Park,Restaurant,18.5221,73.8847,2023-01-06,12:00,33.060400293354284,Sunny,None
DON_7093,Pune,Koregaon Park,Restaurant,18.5221,73.8847,2023-01-04,20:00,15.099647151424978,Cloudy,None
DON_7093,Pune,Koregaon Park,Restaurant,18.5221,73.8847,2023-01-04,17:00,26.814144870145967,Sunny,Eid
DON_4307,Pune,Viman Nagar,Restaurant,18.5819,73.8153,2023-01-02,08:00,79.17499656049431,Rainy,Diwali
DON_4307,Pune,Viman Nagar,Restaurant,18.5819,73.8153,2023-01-06,20:00,6.0342074959797065,Sunny,None
DON_9028,Pune,Kothrud,Restaurant,18.4907,73.8177,2023-01-02,12:00,20.51314162068973,Sunny,None
DON_5268,Pune,Hinjewadi,Restaurant,18.5564,73.9091,2023-01-02,09:00,12.805026900212859,Rainy,Pune Festival
DON_5268,Pune,Hinjewadi,Restaurant,18.5564,73.9091,2023-01-01,21:00,34.0481671798677,Sunny,None
DON_5268,Pune,Hinjewadi,Restaurant,18.5564,73.9091,2023-01-02,15:00,54.02456902831405,Sunny,None
DON_5268,Pune,Hinjewadi,Restaurant,18.5564,73.9091,2023-01-06,10:00,25.014969971924447,Cloudy,Pune Festival
DON_5408,Pune,Koregaon Park,Restaurant,18.5256,73.9098,2023-01-06,10:00,13.511265202629172,Rainy,None
DON_5408,Pune,Koregaon Park,Restaurant,18.5256,73.9098,2023-01-02,19:00,51.834102072249394,Sunny,Diwali
DON_5408,Pune,Koregaon Park,Restaurant,18.5256,73.9098,2023-01-01,15:00,9.31026778719997,Sunny,None
DON_6548,Pune,Hinjewadi,Grocery Store,18.4824,73.8697,2023-01-05,18:00,80.05679228313252,Sunny,Eid
DON_4707,Pune,Viman Nagar,Restaurant,18.6,73.9103,2023-01-02,18:00,54.49257470861387,Cloudy,Ganesh Chaturthi
DON_4707,Pune,Viman Nagar,Restaurant,18.6,73.9103,2023-01-04,16:00,66.6682977288654,Sunny,None
DON_4707,Pune,Viman Nagar,Restaurant,18.6,73.9103,2023-01-05,09:00,36.423350823438255,Sunny,Eid
DON_8833,Pune,Viman Nagar,Restaurant,18.5324,73.8156,2023-01-06,17:00,1.8031703064420475,Rainy,None
DON_8833,Pune,Viman Nagar,Restaurant,18.5324,73.8156,2023-01-01,11:00,47.62287692847809,Rainy,None
DON_2093,Pune,Kothrud,Restaurant,18.5078,73.9926,2023-01-07,13:00,22.62426179462089,Rainy,None
DON_1654,Pune,Baner,Grocery Store,18.5977,73.8594,2023-01-03,13:00,21.653302032085673,Sunny,None
DON_6417,Pune,Baner,Restaurant,18.5434,73.9057,2023-01-05,12:00,20.320158557188247,Sunny,None
DON_6417,Pune,Baner,Restaurant,18.5434,73.9057,2023-01-07,20:00,39.074208036570255,Sunny,None
DON_2566,Pune,Hinjewadi,Grocery Store,18.5402,73.8428,2023-01-01,08:00,1.98879895882681,Sunny,None
DON_5806,Pune,Hinjewadi,Restaurant,18.5098,73.9133,2023-01-01,16:00,28.64404070068902,Sunny,None
DON_3865,Pune,Hinjewadi,Caterer,18.5485,73.9838,2023-01-01,18:00,13.115706245270118,Cloudy,None
DON_3865,Pune,Hinjewadi,Caterer,18.5485,73.9838,2023-01-02,18:00,15.255819985306212,Sunny,Eid
DON_9306,Pune,Hinjewadi,Caterer,18.5494,73.8053,2023-01-01,09:00,36.613634953335804,Sunny,None
DON_9306,Pune,Hinjewadi,Caterer,18.5494,73.8053,2023-01-05,15:00,16.807616354910223,Sunny,Pune Festival
DON_7005,Pune,Koregaon Park,Grocery Store,18.5402,73.971,2023-01-04,18:00,5.208126347651198,Sunny,Ganesh Chaturthi
DON_4939,Pune,Kothrud,Restaurant,18.573,73.9787,2023-01-07,11:00,52.13590563000668,Rainy,None
DON_4939,Pune,Kothrud,Restaurant,18.573,73.9787,2023-01-01,10:00,12.011138346600523,Sunny,None
DON_4939,Pune,Kothrud,Restaurant,18.573,73.9787,2023-01-07,21:00,16.9023019954779,Sunny,Pune Festival
DON_6547,Pune,Hinjewadi,Caterer,18.58,73.8765,2023-01-06,19:00,9.811794894225072,Rainy,None
DON_6547,Pune,Hinjewadi,Caterer,18.58,73.8765,2023-01-01,13:00,23.71061228422146,Sunny,Ganesh Chaturthi
DON_6616,Pune,Kothrud,Restaurant,18.4942,73.9882,2023-01-06,08:00,11.21062874144492,Sunny,None
DON_7901,Pune,Kothrud,Restaurant,18.4791,73.8588,2023-01-05,18:00,4.478554633682278,Sunny,Diwali
DON_7901,Pune,Kothrud,Restaurant,18.4791,73.8588,2023-01-06,11:00,9.935871065840914,Sunny,None
DON_1260,Pune,Baner,Grocery Store,18.521,73.9665,2023-01-04,16:00,18.2210485017426,Sunny,None
DON_8991,Pune,Kothrud,Restaurant,18.5674,73.8591,2023-01-01,08:00,49.118848072551515,Sunny,None
DON_4513,Pune,Hinjewadi,Grocery Store,18.5201,73.9151,2023-01-04,14:00,19.89802318251278,Rainy,None
DON_4513,Pune,Hinjewadi,Grocery Store,18.5201,73.9151,2023-01-07,08:00,27.903434583313945,Rainy,Ganesh Chaturthi
DON_3274,Pune,Kothrud,Grocery Store,18.4915,73.8454,2023-01-04,08:00,31.17604511837754,Sunny,None
DON_1280,Pune,Koregaon Park,Restaurant,18.4974,73.9025,2023-01-04,21:00,18.52883963711669,Sunny,Pune Festival
DON_3175,Pune,Hinjewadi,Restaurant,18.5006,73.8732,2023-01-06,21:00,20.03172183649007,Rainy,Eid
DON_3175,Pune,Hinjewadi,Restaurant,18.5006,73.8732,2023-01-06,20:00,4.083967106052521,Sunny,None
DON_3175,Pune,Hinjewadi,Restaurant,18.5006,73.8732,2023-01-07,17:00,36.19051386735614,Sunny,None
DON_3175,Pune,Hinjewadi,Restaurant,18.5006,73.8732,2023-01-03,16:00,16.04934847196857,Cloudy,Eid
DON_3175,Pune,Hinjewadi,Restaurant,18.5006,73.8732,2023-01-06,19:00,7.609022798186517,Rainy,None
DON_3175,Pune,Hinjewadi,Restaurant,18.5006,73.8732,2023-01-03,20:00,30.1441159399009,Sunny,None
DON_5794,Pune,Viman Nagar,Restaurant,18.5513,73.877,2023-01-05,14:00,18.844746136006492,Rainy,Pune Festival
DON_5794,Pune,Viman Nagar,Restaurant,18.5513,73.877,2023-01-01,17:00,25.41130734346899,Sunny,Pune Festival
DON_5794,Pune,Viman Nagar,Restaurant,18.5513,73.877,2023-01-02,08:00,24.168795612824965,Rainy,None
DON_6895,Pune,Koregaon Park,Grocery Store,18.5437,73.8623,2023-01-01,14:00,8.604244798710694,Sunny,Diwali
DON_6895,Pune,Koregaon Park,Grocery Store,18.5437,73.8623,2023-01-02,08:00,31.221080993699026,Sunny,None
DON_7102,Pune,Hinjewadi,Caterer,18.4736,73.8577,2023-01-03,16:00,11.492976608036294,Sunny,Eid
DON_7102,Pune,Hinjewadi,Caterer,18.4736,73.8577,2023-01-03,13:00,33.0305855878629,Sunny,Eid
DON_7102,Pune,Hinjewadi,Caterer,18.4736,73.8577,2023-01-05,16:00,14.858598767316192,Cloudy,None
DON_6485,Pune,Hinjewadi,Restaurant,18.5382,73.9351,2023-01-02,21:00,19.822994545712433,Sunny,None
DON_6485,Pune,Hinjewadi,Restaurant,18.5382,73.9351,2023-01-06,18:00,9.671470461912424,Rainy,Diwali
DON_6485,Pune,Hinjewadi,Restaurant,18.5382,73.9351,2023-01-05,17:00,12.884396862408087,Sunny,None
DON_7547,Pune,Hinjewadi,Grocery Store,18.5695,73.8489,2023-01-04,10:00,5.187714483296778,Sunny,Eid
DON_8858,Pune,Koregaon Park,Restaurant,18.564,73.9455,2023-01-03,13:00,22.752102167593033,Sunny,None
DON_8858,Pune,Koregaon Park,Restaurant,18.564,73.9455,2023-01-06,19:00,12.250704768047797,Sunny,None
DON_8858,Pune,Koregaon Park,Restaurant,18.564,73.9455,2023-01-02,14:00,27.934885344282964,Rainy,Pune Festival
DON_2848,Pune,Viman Nagar,Grocery Store,18.4683,73.9394,2023-01-07,08:00,6.514790336574507,Sunny,None
DON_2848,Pune,Viman Nagar,Grocery Store,18.4683,73.9394,2023-01-04,14:00,57.307802533798395,Rainy,Pune Festival
DON_6942,Pune,Viman Nagar,Restaurant,18.5481,73.865,2023-01-03,16:00,22.800660936847045,Sunny,None
DON_6942,Pune,Viman Nagar,Restaurant,18.5481,73.865,2023-01-05,18:00,37.9327131985907,Sunny,Eid
DON_6942,Pune,Viman Nagar,Restaurant,18.5481,73.865,2023-01-06,13:00,22.811918655945128,Sunny,Eid
DON_6942,Pune,Viman Nagar,Restaurant,18.5481,73.865,2023-01-07,21:00,15.81768041830895,Sunny,None
DON_6877,Pune,Hinjewadi,Restaurant,18.5383,73.8586,2023-01-03,14:00,5.939509697947008,Sunny,None
DON_7416,Pune,Baner,Restaurant,18.5784,73.9419,2023-01-01,10:00,13.267059458779578,Rainy,None
DON_7416,Pune,Baner,Restaurant,18.5784,73.9419,2023-01-01,21:00,7.943201879286538,Sunny,None
DON_9119,Pune,Baner,Restaurant,18.4842,73.9391,2023-01-04,12:00,49.01465103327148,Sunny,Ganesh Chaturthi
DON_4319,Pune,Koregaon Park,Restaurant,18.517,73.9338,2023-01-01,21:00,73.69783284965419,Sunny,None
DON_4603,Pune,Koregaon Park,Grocery Store,18.4514,73.9989,2023-01-01,14:00,70.50549525422088,Cloudy,Ganesh Chaturthi
DON_4603,Pune,Koregaon Park,Grocery Store,18.4514,73.9989,2023-01-01,20:00,36.27434958185874,Sunny,None
DON_5323,Pune,Viman Nagar,Grocery Store,18.532,73.864,2023-01-03,17:00,48.07300375217696,Rainy,None
DON_4946,Pune,Koregaon Park,Caterer,18.5147,73.9466,2023-01-04,10:00,12.71602192800957,Sunny,Ganesh Chaturthi
DON_4946,Pune,Koregaon Park,Caterer,18.5147,73.9466,2023-01-02,12:00,45.14721671974341,Sunny,Ganesh Chaturthi
DON_4946,Pune,Koregaon Park,Caterer,18.5147,73.9466,2023-01-03,09:00,4.135318470703204,Sunny,None
DON_4946,Pune,Koregaon Park,Caterer,18.5147,73.9466,2023-01-06,18:00,41.402488237540105,Rainy,None
DON_6003,Pune,Viman Nagar,Restaurant,18.5468,73.9322,2023-01-04,11:00,22.09819600864077,Rainy,Eid
DON_2556,Pune,Hinjewadi,Restaurant,18.538,73.9107,2023-01-06,08:00,1.3199550568722438,Rainy,None
DON_2556,Pune,Hinjewadi,Restaurant,18.538,73.9107,2023-01-04,09:00,32.279977875105615,Sunny,Diwali
DON_5152,Pune,Baner,Grocery Store,18.5169,73.836,2023-01-06,08:00,15.002450603929887,Sunny,None
DON_6980,Pune,Koregaon Park,Grocery Store,18.4781,73.9822,2023-01-09,20:00,7.461790570754394,Sunny,None
DON_6980,Pune,Koregaon Park,Grocery Store,18.4781,73.9822,2023-01-08,17:00,21.405712499794895,Sunny,None
DON_2558,Pune,Baner,Grocery Store,18.574,73.9823,2023-01-11,14:00,54.87052414016185,Sunny,Ganesh Chaturthi
DON_8211,Pune,Hinjewadi,Caterer,18.5761,73.8235,2023-01-08,12:00,18.352414578917966,Sunny,None
DON_8211,Pune,Hinjewadi,Caterer,18.5761,73.8235,2023-01-11,15:00,22.301780274372117,Sunny,None
DON_8211,Pune,Hinjewadi,Caterer,18.5761,73.8235,2023-01-12,19:00,13.564265401400704,Sunny,Diwali
DON_3519,Pune,Kothrud,Restaurant,18.4955,73.8988,2023-01-11,18:00,17.561705008448712,Cloudy,None
DON_3300,Pune,Koregaon Park,Grocery Store,18.4929,73.9631,2023-01-13,13:00,5.197047992014808,Sunny,None
DON_4059,Pune,Baner,Restaurant,18.4866,73.9784,2023-01-13,17:00,25.16763324853913,Sunny,Eid
DON_4059,Pune,Baner,Restaurant,18.4866,73.9784,2023-01-14,21:00,7.627827695779613,Sunny,None
DON_5250,Pune,Hinjewadi,Caterer,18.5906,73.9297,2023-01-10,20:00,21.725116598984343,Sunny,Pune Festival
DON_5250,Pune,Hinjewadi,Caterer,18.5906,73.9297,2023-01-11,21:00,17.817052338009432,Sunny,Diwali
DON_6126,Pune,Kothrud,Caterer,18.5866,73.9502,2023-01-09,20:00,65.61573058482102,Sunny,Pune Festival
DON_6126,Pune,Kothrud,Caterer,18.5866,73.9502,2023-01-11,09:00,17.462711868724913,Sunny,None
DON_6126,Pune,Kothrud,Caterer,18.5866,73.9502,2023-01-08,10:00,6.830442791664218,Sunny,None
DON_6126,Pune,Kothrud,Caterer,18.5866,73.9502,2023-01-12,11:00,13.677302170642827,Sunny,None
DON_6126,Pune,Kothrud,Caterer,18.5866,73.9502,2023-01-13,08:00,30.131648957702275,Sunny,None
DON_5740,Pune,Hinjewadi,Grocery Store,18.558,73.9981,2023-01-12,18:00,15.554995482073007,Sunny,None
DON_5740,Pune,Hinjewadi,Grocery Store,18.558,73.9981,2023-01-08,13:00,37.33488002526198,Cloudy,None
DON_5740,Pune,Hinjewadi,Grocery Store,18.558,73.9981,2023-01-12,08:00,10.882245575327602,Rainy,None
DON_4111,Pune,Viman Nagar,Grocery Store,18.4804,73.8345,2023-01-11,15:00,7.68545728124694,Rainy,None
DON_8058,Pune,Kothrud,Restaurant,18.4978,73.8448,2023-01-08,13:00,2.9821189205566903,Sunny,Eid
DON_8058,Pune,Kothrud,Restaurant,18.4978,73.8448,2023-01-14,14:00,35.01046791824945,Sunny,Eid
DON_3190,Pune,Hinjewadi,Caterer,18.5664,73.8649,2023-01-08,21:00,21.385405947880237,Sunny,Diwali
DON_3190,Pune,Hinjewadi,Caterer,18.5664,73.8649,2023-01-13,11:00,14.673881685447657,Rainy,None
DON_5379,Pune,Kothrud,Restaurant,18.5088,73.8325,2023-01-12,11:00,28.29943446602561,Rainy,Ganesh Chaturthi
DON_5379,Pune,Kothrud,Restaurant,18.5088,73.8325,2023-01-12,18:00,6.180882452126944,Sunny,None
DON_6684,Pune,Baner,Caterer,18.4818,73.9755,2023-01-08,12:00,3.2249017604775414,Sunny,Eid
DON_6684,Pune,Baner,Caterer,18.4818,73.9755,2023-01-13,11:00,8.724760948385223,Sunny,None
DON_6684,Pune,Baner,Caterer,18.4818,73.9755,2023-01-09,15:00,11.710098014116014,Rainy,Ganesh Chaturthi
DON_6684,Pune,Baner,Caterer,18.4818,73.9755,2023-01-14,19:00,9.50855909974459,Cloudy,None
DON_5790,Pune,Koregaon Park,Grocery Store,18.5776,73.873,2023-01-10,10:00,51.640867718442976,Sunny,None
DON_5790,Pune,Koregaon Park,Grocery Store,18.5776,73.873,2023-01-10,14:00,26.531071798464975,Cloudy,None
DON_5500,Pune,Viman Nagar,Restaurant,18.4615,73.8435,2023-01-08,21:00,20.78118567364164,Sunny,None
DON_5500,Pune,Viman Nagar,Restaurant,18.4615,73.8435,2023-01-11,09:00,10.86940782671018,Sunny,Diwali
DON_9539,Pune,Baner,Grocery Store,18.4774,73.8754,2023-01-10,19:00,46.52219347489292,Sunny,None
DON_4307,Pune,Viman Nagar,Restaurant,18.5819,73.8153,2023-01-13,08:00,17.379577726632853,Sunny,None
DON_4307,Pune,Viman Nagar,Restaurant,18.5819,73.8153,2023-01-08,13:00,22.8721626705807,Rainy,None
DON_4307,Pune,Viman Nagar,Restaurant,18.5819,73.8153,2023-01-08,09:00,7.225652236369376,Rainy,Pune Festival
DON_2011,Pune,Viman Nagar,Restaurant,18.4835,73.9289,2023-01-11,14:00,19.574058705871888,Cloudy,None
DON_2011,Pune,Viman Nagar,Restaurant,18.4835,73.9289,2023-01-11,11:00,15.029812844586615,Cloudy,None
DON_2011,Pune,Viman Nagar,Restaurant,18.4835,73.9289,2023-01-08,18:00,49.92429180895045,Sunny,Eid
DON_9028,Pune,Kothrud,Restaurant,18.4907,73.8177,2023-01-09,21:00,7.393094547303156,Cloudy,None
DON_9028,Pune,Kothrud,Restaurant,18.4907,73.8177,2023-01-14,21:00,1.5493726171740383,Sunny,None
DON_5268,Pune,Hinjewadi,Restaurant,18.5564,73.9091,2023-01-09,14:00,20.86712725040919,Rainy,None
DON_5268,Pune,Hinjewadi,Restaurant,18.5564,73.9091,2023-01-09,12:00,8.490093996468937,Sunny,None
DON_5268,Pune,Hinjewadi,Restaurant,18.5564,73.9091,2023-01-13,11:00,19.93112347251728,Sunny,None
DON_5408,Pune,Koregaon Park,Restaurant,18.5256,73.9098,2023-01-12,17:00,18.223568045950604,Sunny,None
DON_5408,Pune,Koregaon Park,Restaurant,18.5256,73.9098,2023-01-12,19:00,5.08377106727699,Sunny,None
DON_5408,Pune,Koregaon Park,Restaurant,18.5256,73.9098,2023-01-10,20:00,18.683061490299515,Sunny,Ganesh Chaturthi
DON_5408,Pune,Koregaon Park,Restaurant,18.5256,73.9098,2023-01-08,14:00,9.388326054239194,Rainy,None
DON_6548,Pune,Hinjewadi,Grocery Store,18.4824,73.8697,2023-01-08,10:00,31.548146144262248,Sunny,Diwali
DON_4707,Pune,Viman Nagar,Restaurant,18.6,73.9103,2023-01-08,10:00,12.350303509915248,Sunny,None
DON_4707,Pune,Viman Nagar,Restaurant,18.6,73.9103,2023-01-10,20:00,3.47234022333169,Rainy,None
DON_4707,Pune,Viman Nagar,Restaurant,18.6,73.9103,2023-01-14,17:00,35.85688923535365,Sunny,Ganesh Chaturthi
DON_2093,Pune,Kothrud,Restaurant,18.5078,73.9926,2023-01-12,21:00,16.35954903906925,Rainy,None
DON_2093,Pune,Kothrud,Restaurant,18.5078,73.9926,2023-01-08,09:00,17.074200015443026,Sunny,None
DON_2093,Pune,Kothrud,Restaurant,18.5078,73.9926,2023-01-13,13:00,20.846740989578475,Sunny,Eid
DON_2093,Pune,Kothrud,Restaurant,18.5078,73.9926,2023-01-12,13:00,41.40595408973969,Sunny,None
DON_1654,Pune,Baner,Grocery Store,18.5977,73.8594,2023-01-10,16:00,26.03271862752245,Rainy,None
DON_6417,Pune,Baner,Restaurant,18.5434,73.9057,2023-01-11,18:00,22.904158736955743,Sunny,None
DON_2566,Pune,Hinjewadi,Grocery Store,18.5402,73.8428,2023-01-14,11:00,8.764690559894104,Sunny,Pune Festival
DON_5806,Pune,Hinjewadi,Restaurant,18.5098,73.9133,2023-01-13,20:00,23.26583923687583,Rainy,None
DON_5806,Pune,Hinjewadi,Restaurant,18.5098,73.9133,2023-01-11,19:00,8.84666128806224,Cloudy,None
DON_5806,Pune,Hinjewadi,Restaurant,18.5098,73.9133,2023-01-13,14:00,28.07007285847652,Sunny,Ganesh Chaturthi
DON_5806,Pune,Hinjewadi,Restaurant,18.5098,73.9133,2023-01-14,09:00,11.599644726217475,Cloudy,None
DON_1003,Pune,Baner,Farm,18.5528,73.9733,2023-01-10,16:00,36.5694263504643,Rainy,Ganesh Chaturthi
DON_3865,Pune,Hinjewadi,Caterer,18.5485,73.9838,2023-01-12,18:00,67.52916885673926,Sunny,Eid
DON_3865,Pune,Hinjewadi,Caterer,18.5485,73.9838,2023-01-13,12:00,22.083716487849124,Sunny,None
DON_3865,Pune,Hinjewadi,Caterer,18.5485,73.9838,2023-01-12,21:00,3.649115468697034,Sunny,Ganesh Chaturthi
DON_3865,Pune,Hinjewadi,Caterer,18.5485,73.9838,2023-01-08,15:00,40.28083493501484,Sunny,Pune Festival
DON_3865,Pune,Hinjewadi,Caterer,18.5485,73.9838,2023-01-14,09:00,33.035811201085174,Rainy,Pune Festival
DON_9306,Pune,Hinjewadi,Caterer,18.5494,73.8053,2023-01-12,13:00,21.926009565716722,Sunny,Diwali
DON_9306,Pune,Hinjewadi,Caterer,18.5494,73.8053,2023-01-09,08:00,25.618408663495615,Sunny,None
DON_9306,Pune,Hinjewadi,Caterer,18.5494,73.8053,2023-01-11,15:00,6.8720599213050555,Sunny,None
DON_9306,Pune,Hinjewadi,Caterer,18.5494,73.8053,2023-01-14,09:00,35.436859345668154,Cloudy,Diwali
DON_9306,Pune,Hinjewadi,Caterer,18.5494,73.8053,2023-01-10,15:00,18.26787311237763,Sunny,None
DON_4305,Pune,Koregaon Park,Grocery Store,18.5553,73.8588,2023-01-09,12:00,42.753237588947755,Sunny,None
DON_7005,Pune,Koregaon Park,Grocery Store,18.5402,73.971,2023-01-13,11:00,24.043674490817697,Sunny,None
DON_4939,Pune,Kothrud,Restaurant,18.573,73.9787,2023-01-11,13:00,14.462323268516716,Rainy,Diwali
DON_6547,Pune,Hinjewadi,Caterer,18.58,73.8765,2023-01-14,09:00,19.36109897419286,Rainy,Ganesh Chaturthi
DON_6547,Pune,Hinjewadi,Caterer,18.58,73.8765,2023-01-10,13:00,29.43776027769553,Sunny,None
DON_6547,Pune,Hinjewadi,Caterer,18.58,73.8765,2023-01-08,17:00,11.471516586422695,Sunny,Eid
DON_6547,Pune,Hinjewadi,Caterer,18.58,73.8765,2023-01-09,13:00,19.178462674694472,Sunny,None
DON_6547,Pune,Hinjewadi,Caterer,18.58,73.8765,2023-01-14,19:00,39.69954180558795,Sunny,Diwali
DON_8080,Pune,Viman Nagar,Grocery Store,18.5689,73.8892,2023-01-13,21:00,17.41635204110271,Sunny,None
DON_8080,Pune,Viman Nagar,Grocery Store,18.5689,73.8892,2023-01-08,16:00,19.13824955171735,Rainy,Eid
DON_8080,Pune,Viman Nagar,Grocery Store,18.5689,73.8892,2023-01-12,16:00,52.012313445221174,Rainy,None
DON_6616,Pune,Kothrud,Restaurant,18.4942,73.9882,2023-01-09,17:00,15.24795443026994,Rainy,None
DON_7901,Pune,Kothrud,Restaurant,18.4791,73.8588,2023-01-12,19:00,19.455098361106195,Cloudy,Diwali
DON_1260,Pune,Baner,Grocery Store,18.521,73.9665,2023-01-12,16:00,10.976641561018006,Rainy,None
DON_8991,Pune,Kothrud,Restaurant,18.5674,73.8591,2023-01-11,10:00,4.414072667439292,Cloudy,None
DON_8991,Pune,Kothrud,Restaurant,18.5674,73.8591,2023-01-10,20:00,27.914554353617003,Sunny,Pune Festival
DON_8991,Pune,Kothrud,Restaurant,18.5674,73.8591,2023-01-10,11:00,24.62251272949219,Rainy,None
DON_8991,Pune,Kothrud,Restaurant,18.5674,73.8591,2023-01-10,12:00,48.68267152652406,Sunny,Diwali
DON_4513,Pune,Hinjewadi,Grocery Store,18.5201,73.9151,2023-01-12,19:00,67.83483490133443,Rainy,None
DON_5686,Pune,Viman Nagar,Restaurant,18.5956,73.9325,2023-01-13,17:00,9.370082271431356,Sunny,Pune Festival
DON_1280,Pune,Koregaon Park,Restaurant,18.4974,73.9025,2023-01-13,18:00,30.03985457923865,Rainy,None
DON_1280,Pune,Koregaon Park,Restaurant,18.4974,73.9025,2023-01-10,12:00,20.57013805990552,Sunny,Pune Festival
DON_1280,Pune,Koregaon Park,Restaurant,18.4974,73.9025,2023-01-08,09:00,26.685521475019808,Rainy,None
DON_3175,Pune,Hinjewadi,Restaurant,18.5006,73.8732,2023-01-14,19:00,48.5840468385667,Sunny,Diwali
DON_5794,Pune,Viman Nagar,Restaurant,18.5513,73.877,2023-01-14,19:00,14.392693821611548,Sunny,Eid
DON_5794,Pune,Viman Nagar,Restaurant,18.5513,73.877,2023-01-09,20:00,11.387926098141783,Sunny,None
DON_5794,Pune,Viman Nagar,Restaurant,18.5513,73.877,2023-01-11,10:00,13.485465826676489,Rainy,None
DON_6895,Pune,Koregaon Park,Grocery Store,18.5437,73.8623,2023-01-12,17:00,69.4867621682328,Rainy,Diwali
DON_7102,Pune,Hinjewadi,Caterer,18.4736,73.8577,2023-01-11,16:00,10.34663754264255,Rainy,Ganesh Chaturthi
DON_7102,Pune,Hinjewadi,Caterer,18.4736,73.8577,2023-01-11,17:00,43.27738897269397,Rainy,None
DON_7102,Pune,Hinjewadi,Caterer,18.4736,73.8577,2023-01-13,21:00,40.13943397384507,Rainy,Eid
DON_7102,Pune,Hinjewadi,Caterer,18.4736,73.8577,2023-01-09,09:00,7.723093442015548,Sunny,None
DON_7102,Pune,Hinjewadi,Caterer,18.4736,73.8577,2023-01-09,09:00,8.387553819063982,Sunny,None
DON_7102,Pune,Hinjewadi,Caterer,18.4736,73.8577,2023-01-12,13:00,84.6718857523871,Sunny,Eid
DON_6485,Pune,Hinjewadi,Restaurant,18.5382,73.9351,2023-01-11,16:00,21.498873332453847,Sunny,None
DON_7547,Pune,Hinjewadi,Grocery Store,18.5695,73.8489,2023-01-14,16:00,60.8610386922458,Sunny,Pune Festival
DON_7547,Pune,Hinjewadi,Grocery Store,18.5695,73.8489,2023-01-12,13:00,45.52331871053036,Sunny,Ganesh Chaturthi
DON_8858,Pune,Koregaon Park,Restaurant,18.564,73.9455,2023-01-14,18:00,68.06392376085795,Sunny,Eid
DON_6942,Pune,Viman Nagar,Restaurant,18.5481,73.865,2023-01-14,10:00,71.3376967527841,Rainy,Ganesh Chaturthi
DON_6877,Pune,Hinjewadi,Restaurant,18.5383,73.8586,2023-01-13,17:00,27.276875217342674,Rainy,None
DON_6877,Pune,Hinjewadi,Restaurant,18.5383,73.8586,2023-01-11,13:00,39.64422578882412,Sunny,None
DON_6877,Pune,Hinjewadi,Restaurant,18.5383,73.8586,2023-01-11,08:00,6.213120588761605,Cloudy,None
DON_6877,Pune,Hinjewadi,Restaurant,18.5383,73.8586,2023-01-13,17:00,12.712171994893215,Sunny,None
DON_9119,Pune,Baner,Restaurant,18.4842,73.9391,2023-01-09,20:00,62.53507695139557,Sunny,Diwali
DON_9119,Pune,Baner,Restaurant,18.4842,73.9391,2023-01-11,15:00,21.472835647427647,Sunny,Diwali
DON_4319,Pune,Koregaon Park,Restaurant,18.517,73.9338,2023-01-10,14:00,26.04013367621367,Cloudy,Ganesh Chaturthi
DON_6862,Pune,Baner,Grocery Store,18.5272,73.8504,2023-01-12,09:00,43.456483666835,Sunny,None
DON_5323,Pune,Viman Nagar,Grocery Store,18.532,73.864,2023-01-08,16:00,4.696669155753424,Rainy,None
DON_5323,Pune,Viman Nagar,Grocery Store,18.532,73.864,2023-01-12,13:00,5.751294537764254,Sunny,None
DON_5323,Pune,Viman Nagar,Grocery Store,18.532,73.864,2023-01-13,20:00,19.745354818563094,Rainy,None
DON_4946,Pune,Koregaon Park,Caterer,18.5147,73.9466,2023-01-12,20:00,1.5040425315204287,Cloudy,Pune Festival
DON_6003,Pune,Viman Nagar,Restaurant,18.5468,73.9322,2023-01-13,12:00,18.762210778578712,Rainy,Diwali
DON_6003,Pune,Viman Nagar,Restaurant,18.5468,73.9322,2023-01-09,14:00,3.174115643474073,Sunny,None
DON_9990,Pune,Hinjewadi,Grocery Store,18.5956,73.9591,2023-01-12,11:00,12.35478134861461,Sunny,None
DON_1644,Pune,Hinjewadi,Restaurant,18.4935,73.9818,2023-01-14,08:00,58.086547946526984,Rainy,Diwali
DON_1644,Pune,Hinjewadi,Restaurant,18.4935,73.9818,2023-01-08,19:00,24.74893431972827,Cloudy,None
DON_1644,Pune,Hinjewadi,Restaurant,18.4935,73.9818,2023-01-08,21:00,7.136950964706714,Sunny,None
DON_2556,Pune,Hinjewadi,Restaurant,18.538,73.9107,2023-01-09,08:00,7.083501758578002,Rainy,None
DON_5152,Pune,Baner,Grocery Store,18.5169,73.836,2023-01-11,21:00,11.053903198783352,Sunny,None
DON_2558,Pune,Baner,Grocery Store,18.574,73.9823,2023-01-19,09:00,6.960098750403719,Sunny,None
DON_8211,Pune,Hinjewadi,Caterer,18.5761,73.8235,2023-01-19,15:00,65.99257264736026,Rainy,Eid
DON_8211,Pune,Hinjewadi,Caterer,18.5761,73.8235,2023-01-19,10:00,6.592622398295591,Rainy,Pune Festival
DON_8211,Pune,Hinjewadi,Caterer,18.5761,73.8235,2023-01-16,20:00,19.84407615323444,Sunny,None
DON_9553,Pune,Baner,Grocery Store,18.4958,73.9116,2023-01-21,15:00,9.24111595849269,Sunny,None
DON_9553,Pune,Baner,Grocery Store,18.4958,73.9116,2023-01-20,12:00,12.8894747842457,Rainy,None
DON_3945,Pune,Baner,Grocery Store,18.4767,73.9522,2023-01-19,15:00,40.61147435313618,Sunny,None
DON_3519,Pune,Kothrud,Restaurant,18.4955,73.8988,2023-01-20,18:00,17.52788415391947,Rainy,None
DON_3519,Pune,Kothrud,Restaurant,18.4955,73.8988,2023-01-15,20:00,32.29849118734656,Sunny,None
DON_3300,Pune,Koregaon Park,Grocery Store,18.4929,73.9631,2023-01-18,08:00,11.062881354043032,Cloudy,Ganesh Chaturthi
DON_4059,Pune,Baner,Restaurant,18.4866,73.9784,2023-01-15,13:00,10.135154925107626,Sunny,None
DON_5250,Pune,Hinjewadi,Caterer,18.5906,73.9297,2023-01-21,13:00,16.523457296162714,Sunny,Pune Festival
DON_5250,Pune,Hinjewadi,Caterer,18.5906,73.9297,2023-01-17,17:00,69.1049036034429,Rainy,Pune Festival
DON_5250,Pune,Hinjewadi,Caterer,18.5906,73.9297,2023-01-16,09:00,34.40073736855958,Sunny,Diwali
DON_5250,Pune,Hinjewadi,Caterer,18.5906,73.9297,2023-01-20,14:00,6.551022172366095,Rainy,None
DON_5250,Pune,Hinjewadi,Caterer,18.5906,73.9297,2023-01-20,15:00,11.861808520420322,Sunny,None
DON_5250,Pune,Hinjewadi,Caterer,18.5906,73.9297,2023-01-18,16:00,19.993903597642525,Sunny,None
DON_5250,Pune,Hinjewadi,Caterer,18.5906,73.9297,2023-01-20,16:00,31.08871849250078,Rainy,Eid
DON_6126,Pune,Kothrud,Caterer,18.5866,73.9502,2023-01-18,18:00,17.927691499946317,Sunny,None
DON_6126,Pune,Kothrud,Caterer,18.5866,73.9502,2023-01-15,09:00,32.31769994839929,Cloudy,Diwali
DON_5740,Pune,Hinjewadi,Grocery Store,18.558,73.9981,2023-01-18,17:00,15.987990346413255,Rainy,None
DON_5740,Pune,Hinjewadi,Grocery Store,18.558,73.9981,2023-01-16,14:00,28.678964896341856,Sunny,None
DON_8058,Pune,Kothrud,Restaurant,18.4978,73.8448,2023-01-17,11:00,21.719677932638778,Sunny,None
DON_3190,Pune,Hinjewadi,Caterer,18.5664,73.8649,2023-01-17,10:00,32.870697120338136,Cloudy,Pune Festival
DON_3190,Pune,Hinjewadi,Caterer,18.5664,73.8649,2023-01-21,18:00,2.1170430440776085,Sunny,None
DON_3190,Pune,Hinjewadi,Caterer,18.5664,73.8649,2023-01-18,13:00,11.433638549193745,Sunny,None
DON_3190,Pune,Hinjewadi,Caterer,18.5664,73.8649,2023-01-17,13:00,11.856412153495386,Sunny,None
DON_8837,Pune,Baner,Grocery Store,18.4729,73.8958,2023-01-15,18:00,22.024129294473248,Sunny,None
DON_8837,Pune,Baner,Grocery Store,18.4729,73.8958,2023-01-20,15:00,12.048793488757287,Sunny,None
DON_7759,Pune,Koregaon Park,Restaurant,18.4556,73.9126,2023-01-19,20:00,32.36468812999968,Sunny,Pune Festival
DON_7759,Pune,Koregaon Park,Restaurant,18.4556,73.9126,2023-01-21,12:00,21.032556639897525,Sunny,None
DON_7759,Pune,Koregaon Park,Restaurant,18.4556,73.9126,2023-01-15,14:00,8.36159377538028,Sunny,None
DON_6684,Pune,Baner,Caterer,18.4818,73.9755,2023-01-21,17:00,37.0187624707918,Rainy,Diwali
DON_6684,Pune,Baner,Caterer,18.4818,73.9755,2023-01-21,10:00,71.79612793429463,Rainy,Eid
DON_5790,Pune,Koregaon Park,Grocery Store,18.5776,73.873,2023-01-16,17:00,30.902953648166008,Rainy,None
DON_5500,Pune,Viman Nagar,Restaurant,18.4615,73.8435,2023-01-18,14:00,7.9668845779273765,Sunny,None
DON_9539,Pune,Baner,Grocery Store,18.4774,73.8754,2023-01-18,17:00,3.533303335119878,Sunny,Pune Festival
DON_9539,Pune,Baner,Grocery Store,18.4774,73.8754,2023-01-16,14:00,14.001264450683289,Rainy,None
DON_5670,Pune,Baner,Grocery Store,18.5852,73.9503,2023-01-15,20:00,31.65317095003685,Rainy,None
DON_5670,Pune,Baner,Grocery Store,18.5852,73.9503,2023-01-16,14:00,19.706225913189787,Sunny,Eid
DON_7020,Pune,Koregaon Park,Restaurant,18.5787,73.8993,2023-01-17,08:00,2.86366560002772,Rainy,None
DON_7020,Pune,Koregaon Park,Restaurant,18.5787,73.8993,2023-01-19,21:00,87.90057765983346,Rainy,Ganesh Chaturthi
DON_7020,Pune,Koregaon Park,Restaurant,18.5787,73.8993,2023-01-17,17:00,32.54690738058116,Sunny,None
DON_7093,Pune,Koregaon Park,Restaurant,18.5221,73.8847,2023-01-15,11:00,23.241508991389168,Sunny,None
DON_4307,Pune,Viman Nagar,Restaurant,18.5819,73.8153,2023-01-17,10:00,7.143383417708451,Sunny,None
DON_4307,Pune,Viman Nagar,Restaurant,18.5819,73.8153,2023-01-16,11:00,16.50103244700061,Rainy,None
DON_2011,Pune,Viman Nagar,Restaurant,18.4835,73.9289,2023-01-21,17:00,13.838768354594512,Sunny,Diwali
DON_9028,Pune,Kothrud,Restaurant,18.4907,73.8177,2023-01-20,14:00,4.400801545120378,Rainy,None
DON_9028,Pune,Kothrud,Restaurant,18.4907,73.8177,2023-01-20,16:00,9.625290613835412,Rainy,None
DON_5268,Pune,Hinjewadi,Restaurant,18.5564,73.9091,2023-01-18,14:00,6.861761365198861,Rainy,None
DON_5268,Pune,Hinjewadi,Restaurant,18.5564,73.9091,2023-01-17,13:00,8.04385384918012,Sunny,Ganesh Chaturthi
DON_5408,Pune,Koregaon Park,Restaurant,18.5256,73.9098,2023-01-20,15:00,1.5502439073969256,Rainy,Diwali
DON_6548,Pune,Hinjewadi,Grocery Store,18.4824,73.8697,2023-01-15,19:00,33.848764661994096,Sunny,None
DON_4707,Pune,Viman Nagar,Restaurant,18.6,73.9103,2023-01-16,13:00,28.85989223232272,Sunny,None
DON_8833,Pune,Viman Nagar,Restaurant,18.5324,73.8156,2023-01-18,17:00,23.885806329749066,Cloudy,None
DON_2093,Pune,Kothrud,Restaurant,18.5078,73.9926,2023-01-16,11:00,34.61906225522252,Rainy,None
DON_2093,Pune,Kothrud,Restaurant,18.5078,73.9926,2023-01-15,10:00,14.089031406992056,Rainy,None
DON_2093,Pune,Kothrud,Restaurant,18.5078,73.9926,2023-01-18,21:00,2.6456210021013726,Sunny,None
DON_2093,Pune,Kothrud,Restaurant,18.5078,73.9926,2023-01-18,10:00,20.269639412353527,Sunny,None
DON_6417,Pune,Baner,Restaurant,18.5434,73.9057,2023-01-18,13:00,7.945929497160294,Sunny,Ganesh Chaturthi
DON_6417,Pune,Baner,Restaurant,18.5434,73.9057,2023-01-20,15:00,13.740062691146735,Cloudy,None
DON_6417,Pune,Baner,Restaurant,18.5434,73.9057,2023-01-16,13:00,26.946794242643026,Sunny,None
DON_5806,Pune,Hinjewadi,Restaurant,18.5098,73.9133,2023-01-20,13:00,28.953053720732576,Sunny,Diwali
DON_5806,Pune,Hinjewadi,Restaurant,18.5098,73.9133,2023-01-16,14:00,24.521719086975327,Sunny,None
DON_1003,Pune,Baner,Farm,18.5528,73.9733,2023-01-18,13:00,53.95850972022037,Rainy,Pune Festival
DON_1003,Pune,Baner,Farm,18.5528,73.9733,2023-01-17,21:00,10.659501022153359,Sunny,None
DON_3865,Pune,Hinjewadi,Caterer,18.5485,73.9838,2023-01-17,10:00,11.078392178109258,Sunny,Diwali
DON_3865,Pune,Hinjewadi,Caterer,18.5485,73.9838,2023-01-20,13:00,11.453093428121369,Rainy,None
DON_3865,Pune,Hinjewadi,Caterer,18.5485,73.9838,2023-01-20,14:00,14.611504895005302,Rainy,Pune Festival
DON_3865,Pune,Hinjewadi,Caterer,18.5485,73.9838,2023-01-18,10:00,14.860632361595178,Rainy,Pune Festival
DON_9306,Pune,Hinjewadi,Caterer,18.5494,73.8053,2023-01-16,09:00,49.121922585724,Sunny,None
DON_9306,Pune,Hinjewadi,Caterer,18.5494,73.8053,2023-01-17,19:00,19.513107491759737,Sunny,None
DON_9306,Pune,Hinjewadi,Caterer,18.5494,73.8053,2023-01-21,19:00,39.87356714328675,Rainy,Diwali
DON_9306,Pune,Hinjewadi,Caterer,18.5494,73.8053,2023-01-16,17:00,20.74637533057031,Rainy,Ganesh Chaturthi
DON_4939,Pune,Kothrud,Restaurant,18.573,73.9787,2023-01-19,21:00,63.2131696057549,Sunny,Diwali
DON_4939,Pune,Kothrud,Restaurant,18.573,73.9787,2023-01-21,12:00,60.70844397181985,Rainy,Pune Festival
DON_6547,Pune,Hinjewadi,Caterer,18.58,73.8765,2023-01-21,11:00,19.21327180940099,Rainy,None
DON_8080,Pune,Viman Nagar,Grocery Store,18.5689,73.8892,2023-01-16,08:00,30.281788861853727,Sunny,None
DON_8080,Pune,Viman Nagar,Grocery Store,18.5689,73.8892,2023-01-19,17:00,52.4025463083878,Cloudy,Eid
DON_6616,Pune,Kothrud,Restaurant,18.4942,73.9882,2023-01-17,14:00,14.316308342213295,Sunny,None
DON_6616,Pune,Kothrud,Restaurant,18.4942,73.9882,2023-01-18,16:00,24.86479411381096,Sunny,None
DON_6616,Pune,Kothrud,Restaurant,18.4942,73.9882,2023-01-18,11:00,11.795096741963185,Rainy,None
DON_6616,Pune,Kothrud,Restaurant,18.4942,73.9882,2023-01-16,12:00,6.67747445886175,Cloudy,None
DON_6616,Pune,Kothrud,Restaurant,18.4942,73.9882,2023-01-15,14:00,31.63490476917012,Sunny,None
DON_6616,Pune,Kothrud,Restaurant,18.4942,73.9882,2023-01-20,20:00,21.301536842433748,Sunny,Eid
DON_7901,Pune,Kothrud,Restaurant,18.4791,73.8588,2023-01-21,14:00,18.650242326014087,Rainy,None
DON_1260,Pune,Baner,Grocery Store,18.521,73.9665,2023-01-16,17:00,22.59052455997538,Rainy,Ganesh Chaturthi
DON_8991,Pune,Kothrud,Restaurant,18.5674,73.8591,2023-01-18,14:00,42.51738633893977,Sunny,None
DON_8991,Pune,Kothrud,Restaurant,18.5674,73.8591,2023-01-15,12:00,8.766432500550355,Sunny,Diwali
DON_8991,Pune,Kothrud,Restaurant,18.5674,73.8591,2023-01-20,12:00,38.01149539142572,Sunny,Pune Festival
DON_8991,Pune,Kothrud,Restaurant,18.5674,73.8591,2023-01-21,14:00,36.37780582438681,Sunny,Pune Festival
DON_4513,Pune,Hinjewadi,Grocery Store,18.5201,73.9151,2023-01-15,09:00,10.91933678336291,Rainy,None
DON_5686,Pune,Viman Nagar,Restaurant,18.5956,73.9325,2023-01-18,20:00,12.848416611724003,Rainy,None
DON_5686,Pune,Viman Nagar,Restaurant,18.5956,73.9325,2023-01-20,12:00,28.88042409053863,Rainy,Diwali
DON_3274,Pune,Kothrud,Grocery Store,18.4915,73.8454,2023-01-16,10:00,53.08911465476223,Sunny,Diwali
DON_3274,Pune,Kothrud,Grocery Store,18.4915,73.8454,2023-01-17,19:00,32.20352370873654,Sunny,None
DON_1280,Pune,Koregaon Park,Restaurant,18.4974,73.9025,2023-01-19,14:00,17.53352490876797,Sunny,Diwali
DON_1280,Pune,Koregaon Park,Restaurant,18.4974,73.9025,2023-01-16,13:00,5.687383846752398,Sunny,Eid
DON_1280,Pune,Koregaon Park,Restaurant,18.4974,73.9025,2023-01-18,19:00,50.199564838624994,Sunny,None
DON_3175,Pune,Hinjewadi,Restaurant,18.5006,73.8732,2023-01-19,13:00,8.896693974190118,Sunny,Eid
DON_3175,Pune,Hinjewadi,Restaurant,18.5006,73.8732,2023-01-18,10:00,29.143121075936683,Sunny,Pune Festival
DON_5794,Pune,Viman Nagar,Restaurant,18.5513,73.877,2023-01-18,19:00,9.81342270395355,Rainy,None
DON_5794,Pune,Viman Nagar,Restaurant,18.5513,73.877,2023-01-21,21:00,20.425164036069006,Rainy,None
DON_5794,Pune,Viman Nagar,Restaurant,18.5513,73.877,2023-01-19,21:00,8.638566920974887,Cloudy,None
DON_5794,Pune,Viman Nagar,Restaurant,18.5513,73.877,2023-01-16,11:00,5.1370760259704875,Sunny,None
DON_5794,Pune,Viman Nagar,Restaurant,18.5513,73.877,2023-01-18,16:00,27.353167065731885,Rainy,None
DON_5794,Pune,Viman Nagar,Restaurant,18.5513,73.877,2023-01-16,21:00,46.01523410289985,Sunny,Eid
DON_6895,Pune,Koregaon Park,Grocery Store,18.5437,73.8623,2023-01-16,20:00,33.19149230942081,Sunny,Diwali
DON_6895,Pune,Koregaon Park,Grocery Store,18.5437,73.8623,2023-01-17,19:00,10.57273032632368,Sunny,Diwali
DON_7102,Pune,Hinjewadi,Caterer,18.4736,73.8577,2023-01-17,14:00,20.9347471754524,Sunny,Diwali
DON_6485,Pune,Hinjewadi,Restaurant,18.5382,73.9351,2023-01-17,18:00,20.394842863240157,Sunny,Pune Festival
DON_7416,Pune,Baner,Restaurant,18.5784,73.9419,2023-01-16,20:00,9.759731820679123,Sunny,None
DON_7416,Pune,Baner,Restaurant,18.5784,73.9419,2023-01-20,14:00,13.14238924636443,Rainy,None
DON_7416,Pune,Baner,Restaurant,18.5784,73.9419,2023-01-20,15:00,5.082610906343708,Sunny,None
DON_7416,Pune,Baner,Restaurant,18.5784,73.9419,2023-01-17,13:00,15.769442681217791,Rainy,None
DON_9119,Pune,Baner,Restaurant,18.4842,73.9391,2023-01-16,15:00,54.407549786632785,Cloudy,Pune Festival
DON_9119,Pune,Baner,Restaurant,18.4842,73.9391,2023-01-16,19:00,38.72079938768514,Rainy,Diwali
DON_9119,Pune,Baner,Restaurant,18.4842,73.9391,2023-01-17,17:00,30.87902969914454,Sunny,None
DON_9119,Pune,Baner,Restaurant,18.4842,73.9391,2023-01-17,18:00,35.69552700610863,Sunny,None
DON_4319,Pune,Koregaon Park,Restaurant,18.517,73.9338,2023-01-21,20:00,11.664796127178871,Sunny,None
DON_4319,Pune,Koregaon Park,Restaurant,18.517,73.9338,2023-01-19,11:00,26.850388357063764,Rainy,None
DON_4319,Pune,Koregaon Park,Restaurant,18.517,73.9338,2023-01-18,09:00,24.97704964614565,Rainy,Ganesh Chaturthi
DON_4319,Pune,Koregaon Park,Restaurant,18.517,73.9338,2023-01-21,14:00,38.65776738258626,Sunny,Pune Festival
DON_6862,Pune,Baner,Grocery Store,18.5272,73.8504,2023-01-21,10:00,27.26022530999614,Rainy,Ganesh Chaturthi
DON_6862,Pune,Baner,Grocery Store,18.5272,73.8504,2023-01-16,18:00,5.604563978521088,Sunny,Eid
DON_6862,Pune,Baner,Grocery Store,18.5272,73.8504,2023-01-18,17:00,12.634939062073613,Sunny,Eid
DON_6862,Pune,Baner,Grocery Store,18.5272,73.8504,2023-01-18,08:00,7.7452672130619815,Sunny,None
DON_4603,Pune,Koregaon Park,Grocery Store,18.4514,73.9989,2023-01-18,19:00,22.885129528459334,Sunny,Eid
DON_4603,Pune,Koregaon Park,Grocery Store,18.4514,73.9989,2023-01-16,09:00,40.47478574091421,Sunny,Ganesh Chaturthi
DON_5323,Pune,Viman Nagar,Grocery Store,18.532,73.864,2023-01-15,21:00,5.530360495832891,Rainy,None
DON_4946,Pune,Koregaon Park,Caterer,18.5147,73.9466,2023-01-18,15:00,1.06710103483372,Cloudy,None
DON_4946,Pune,Koregaon Park,Caterer,18.5147,73.9466,2023-01-17,12:00,13.784986667048326,Rainy,Pune Festival
DON_4946,Pune,Koregaon Park,Caterer,18.5147,73.9466,2023-01-15,19:00,25.69912278810608,Cloudy,None
DON_6003,Pune,Viman Nagar,Restaurant,18.5468,73.9322,2023-01-16,15:00,14.275360455492166,Sunny,None
DON_6003,Pune,Viman Nagar,Restaurant,18.5468,73.9322,2023-01-18,15:00,33.73302356400362,Cloudy,Pune Festival
DON_1644,Pune,Hinjewadi,Restaurant,18.4935,73.9818,2023-01-17,17:00,10.505831003645259,Rainy,None
DON_1644,Pune,Hinjewadi,Restaurant,18.4935,73.9818,2023-01-17,10:00,14.816275678073158,Sunny,None
DON_1644,Pune,Hinjewadi,Restaurant,18.4935,73.9818,2023-01-18,17:00,35.64402749844647,Rainy,None
DON_1644,Pune,Hinjewadi,Restaurant,18.4935,73.9818,2023-01-18,21:00,7.182681111594398,Rainy,Diwali
DON_1644,Pune,Hinjewadi,Restaurant,18.4935,73.9818,2023-01-20,16:00,8.34742351205483,Sunny,None
DON_1644,Pune,Hinjewadi,Restaurant,18.4935,73.9818,2023-01-15,14:00,8.991305067934903,Rainy,Pune Festival
DON_5152,Pune,Baner,Grocery Store,18.5169,73.836,2023-01-20,10:00,24.6266440071279,Rainy,Ganesh Chaturthi
DON_5152,Pune,Baner,Grocery Store,18.5169,73.836,2023-01-17,16:00,9.180888371338499,Cloudy,Ganesh Chaturthi
DON_9697,Pune,Baner,Grocery Store,18.4848,73.8696,2023-01-23,21:00,12.136296932878706,Sunny,None
DON_9697,Pune,Baner,Grocery Store,18.4848,73.8696,2023-01-23,13:00,1.4734305157767702,Sunny,None
DON_2558,Pune,Baner,Grocery Store,18.574,73.9823,2023-01-28,14:00,5.759090804205326,Sunny,None
DON_8211,Pune,Hinjewadi,Caterer,18.5761,73.8235,2023-01-25,11:00,50.122918691035146,Sunny,None
DON_6505,Pune,Hinjewadi,Restaurant,18.518,73.8327,2023-01-24,11:00,38.98714356271117,Sunny,Ganesh Chaturthi
DON_9553,Pune,Baner,Grocery Store,18.4958,73.9116,2023-01-28,13:00,32.6978873885091,Sunny,Ganesh Chaturthi
DON_3945,Pune,Baner,Grocery Store,18.4767,73.9522,2023-01-26,16:00,17.124874759023104,Rainy,None
DON_3519,Pune,Kothrud,Restaurant,18.4955,73.8988,2023-01-24,16:00,4.382171002611194,Cloudy,None
DON_3519,Pune,Kothrud,Restaurant,18.4955,73.8988,2023-01-23,13:00,10.444144807853615,Sunny,Diwali
DON_3519,Pune,Kothrud,Restaurant,18.4955,73.8988,2023-01-25,13:00,10.215819746219342,Sunny,None
DON_3300,Pune,Koregaon Park,Grocery Store,18.4929,73.9631,2023-01-26,08:00,16.109924831121866,Sunny,None
DON_4059,Pune,Baner,Restaurant,18.4866,73.9784,2023-01-26,17:00,12.216919796062925,Sunny,None
DON_4059,Pune,Baner,Restaurant,18.4866,73.9784,2023-01-23,21:00,10.952846077138114,Sunny,None
DON_4059,Pune,Baner,Restaurant,18.4866,73.9784,2023-01-25,14:00,8.586124092106076,Sunny,None
DON_5250,Pune,Hinjewadi,Caterer,18.5906,73.9297,2023-01-23,10:00,41.95395557091621,Cloudy,None
DON_5250,Pune,Hinjewadi,Caterer,18.5906,73.9297,2023-01-23,21:00,25.922973774987955,Sunny,None
DON_6126,Pune,Kothrud,Caterer,18.5866,73.9502,2023-01-27,20:00,15.865342972313428,Sunny,None
DON_6126,Pune,Kothrud,Caterer,18.5866,73.9502,2023-01-26,12:00,26.048436917322867,Sunny,Pune Festival
DON_8058,Pune,Kothrud,Restaurant,18.4978,73.8448,2023-01-27,12:00,10.098922204600617,Sunny,None
DON_8058,Pune,Kothrud,Restaurant,18.4978,73.8448,2023-01-23,13:00,20.933134186697337,Sunny,None
DON_8058,Pune,Kothrud,Restaurant,18.4978,73.8448,2023-01-24,11:00,10.126229510906159,Sunny,Ganesh Chaturthi
DON_8058,Pune,Kothrud,Restaurant,18.4978,73.8448,2023-01-22,14:00,13.074655188411363,Sunny,Eid
DON_3190,Pune,Hinjewadi,Caterer,18.5664,73.8649,2023-01-27,18:00,23.161209880475894,Sunny,None
DON_3190,Pune,Hinjewadi,Caterer,18.5664,73.8649,2023-01-24,10:00,33.7178780005645,Sunny,Diwali
DON_8837,Pune,Baner,Grocery Store,18.4729,73.8958,2023-01-27,13:00,23.337248953242256,Sunny,None
DON_8837,Pune,Baner,Grocery Store,18.4729,73.8958,2023-01-25,10:00,8.997095049218334,Sunny,None
DON_8837,Pune,Baner,Grocery Store,18.4729,73.8958,2023-01-25,11:00,25.6000752703647,Sunny,None
DON_5379,Pune,Kothrud,Restaurant,18.5088,73.8325,2023-01-24,21:00,19.766125957656687,Sunny,None
DON_5379,Pune,Kothrud,Restaurant,18.5088,73.8325,2023-01-27,20:00,9.325929217438272,Sunny,None
DON_7759,Pune,Koregaon Park,Restaurant,18.4556,73.9126,2023-01-25,14:00,6.129115187083938,Rainy,None
DON_7759,Pune,Koregaon Park,Restaurant,18.4556,73.9126,2023-01-24,20:00,51.910251045082674,Sunny,None
DON_7759,Pune,Koregaon Park,Restaurant,18.4556,73.9126,2023-01-27,18:00,26.573328456184903,Sunny,None
DON_5790,Pune,Koregaon Park,Grocery Store,18.5776,73.873,2023-01-23,15:00,31.45005311196098,Rainy,None
DON_5500,Pune,Viman Nagar,Restaurant,18.4615,73.8435,2023-01-25,18:00,11.141429027917209,Sunny,None
DON_9539,Pune,Baner,Grocery Store,18.4774,73.8754,2023-01-25,18:00,5.214900867034272,Rainy,None
DON_5670,Pune,Baner,Grocery Store,18.5852,73.9503,2023-01-24,16:00,8.507715507226138,Sunny,None
DON_7020,Pune,Koregaon Park,Restaurant,18.5787,73.8993,2023-01-27,11:00,6.543342418360766,Sunny,None
DON_7020,Pune,Koregaon Park,Restaurant,18.5787,73.8993,2023-01-23,15:00,21.41835521279662,Rainy,None
DON_7093,Pune,Koregaon Park,Restaurant,18.5221,73.8847,2023-01-24,21:00,44.83092968440602,Sunny,None
DON_7093,Pune,Koregaon Park,Restaurant,18.5221,73.8847,2023-01-23,09:00,104.73212258191475,Rainy,Pune Festival
DON_4307,Pune,Viman Nagar,Restaurant,18.5819,73.8153,2023-01-24,17:00,4.208436779450478,Sunny,Ganesh Chaturthi
DON_4307,Pune,Viman Nagar,Restaurant,18.5819,73.8153,2023-01-27,18:00,17.6565329208228,Sunny,None
DON_2011,Pune,Viman Nagar,Restaurant,18.4835,73.9289,2023-01-26,13:00,23.041165046480995,Rainy,None
DON_2011,Pune,Viman Nagar,Restaurant,18.4835,73.9289,2023-01-25,15:00,23.07647238892867,Sunny,Ganesh Chaturthi
DON_2011,Pune,Viman Nagar,Restaurant,18.4835,73.9289,2023-01-25,19:00,20.589420886010696,Sunny,None
DON_9028,Pune,Kothrud,Restaurant,18.4907,73.8177,2023-01-24,14:00,7.14842966596607,Rainy,Ganesh Chaturthi
DON_9028,Pune,Kothrud,Restaurant,18.4907,73.8177,2023-01-26,14:00,4.841584674605656,Cloudy,None
DON_9028,Pune,Kothrud,Restaurant,18.4907,73.8177,2023-01-23,21:00,45.84772804968485,Rainy,Pune Festival
DON_9028,Pune,Kothrud,Restaurant,18.4907,73.8177,2023-01-24,19:00,14.120571588837851,Sunny,None
DON_5268,Pune,Hinjewadi,Restaurant,18.5564,73.9091,2023-01-23,17:00,27.102519206951566,Rainy,None
DON_5268,Pune,Hinjewadi,Restaurant,18.5564,73.9091,2023-01-22,15:00,12.615644989339735,Rainy,None
DON_5408,Pune,Koregaon Park,Restaurant,18.5256,73.9098,2023-01-28,13:00,6.2425295924675215,Sunny,None
DON_5408,Pune,Koregaon Park,Restaurant,18.5256,73.9098,2023-01-22,19:00,9.675211825051088,Rainy,None
DON_6548,Pune,Hinjewadi,Grocery Store,18.4824,73.8697,2023-01-26,19:00,20.50854642493587,Rainy,None
DON_8833,Pune,Viman Nagar,Restaurant,18.5324,73.8156,2023-01-22,12:00,19.923248201955943,Rainy,None
DON_8833,Pune,Viman Nagar,Restaurant,18.5324,73.8156,2023-01-23,16:00,14.727150572952862,Sunny,None
DON_8833,Pune,Viman Nagar,Restaurant,18.5324,73.8156,2023-01-27,12:00,42.67373657788361,Rainy,Diwali
DON_8833,Pune,Viman Nagar,Restaurant,18.5324,73.8156,2023-01-25,18:00,19.563040423715055,Sunny,Pune Festival
DON_6417,Pune,Baner,Restaurant,18.5434,73.9057,2023-01-25,19:00,17.632038908893044,Sunny,None
DON_6417,Pune,Baner,Restaurant,18.5434,73.9057,2023-01-26,14:00,14.402576314168723,Sunny,None
DON_2566,Pune,Hinjewadi,Grocery Store,18.5402,73.8428,2023-01-22,19:00,15.026987994865934,Sunny,None
DON_2566,Pune,Hinjewadi,Grocery Store,18.5402,73.8428,2023-01-28,14:00,16.003746214449183,Sunny,None
DON_3865,Pune,Hinjewadi,Caterer,18.5485,73.9838,2023-01-27,09:00,36.674620474856724,Sunny,None
DON_3865,Pune,Hinjewadi,Caterer,18.5485,73.9838,2023-01-23,11:00,31.444446175623845,Sunny,None
DON_9306,Pune,Hinjewadi,Caterer,18.5494,73.8053,2023-01-28,17:00,8.453674641233013,Sunny,Ganesh Chaturthi
DON_7005,Pune,Koregaon Park,Grocery Store,18.5402,73.971,2023-01-26,19:00,3.779753522069341,Sunny,None
DON_7005,Pune,Koregaon Park,Grocery Store,18.5402,73.971,2023-01-28,18:00,31.96163728360399,Sunny,None
DON_6547,Pune,Hinjewadi,Caterer,18.58,73.8765,2023-01-28,10:00,5.890051411186729,Sunny,None
DON_6547,Pune,Hinjewadi,Caterer,18.58,73.8765,2023-01-23,13:00,28.100260075227702,Rainy,Eid
DON_6547,Pune,Hinjewadi,Caterer,18.58,73.8765,2023-01-23,12:00,42.81089916714022,Rainy,Diwali
DON_6547,Pune,Hinjewadi,Caterer,18.58,73.8765,2023-01-27,16:00,21.947083221904702,Sunny,Diwali
DON_6616,Pune,Kothrud,Restaurant,18.4942,73.9882,2023-01-25,12:00,54.50115770503736,Sunny,None
DON_7901,Pune,Kothrud,Restaurant,18.4791,73.8588,2023-01-24,16:00,31.091272618676186,Sunny,None
DON_7901,Pune,Kothrud,Restaurant,18.4791,73.8588,2023-01-28,08:00,26.06555742183511,Rainy,Eid
DON_7901,Pune,Kothrud,Restaurant,18.4791,73.8588,2023-01-28,18:00,32.25194478210013,Sunny,None
DON_7901,Pune,Kothrud,Restaurant,18.4791,73.8588,2023-01-28,15:00,6.653951294556812,Sunny,Diwali
DON_7901,Pune,Kothrud,Restaurant,18.4791,73.8588,2023-01-27,10:00,44.49122655994722,Sunny,Diwali
DON_7901,Pune,Kothrud,Restaurant,18.4791,73.8588,2023-01-25,21:00,67.57651959168984,Sunny,Ganesh Chaturthi
DON_1260,Pune,Baner,Grocery Store,18.521,73.9665,2023-01-25,08:00,52.94552280851801,Sunny,Diwali
DON_1260,Pune,Baner,Grocery Store,18.521,73.9665,2023-01-24,11:00,16.086513551083442,Cloudy,None
DON_8991,Pune,Kothrud,Restaurant,18.5674,73.8591,2023-01-25,12:00,19.208777503369106,Rainy,Ganesh Chaturthi
DON_8991,Pune,Kothrud,Restaurant,18.5674,73.8591,2023-01-23,16:00,14.959998817265861,Sunny,None
DON_8991,Pune,Kothrud,Restaurant,18.5674,73.8591,2023-01-28,20:00,3.235779542748443,Rainy,None
DON_4513,Pune,Hinjewadi,Grocery Store,18.5201,73.9151,2023-01-22,08:00,24.23742841299003,Cloudy,None
DON_5686,Pune,Viman Nagar,Restaurant,18.5956,73.9325,2023-01-27,14:00,33.25790531768061,Rainy,None
DON_5686,Pune,Viman Nagar,Restaurant,18.5956,73.9325,2023-01-25,14:00,42.093253110515995,Sunny,None
DON_5686,Pune,Viman Nagar,Restaurant,18.5956,73.9325,2023-01-26,15:00,14.351963624146762,Sunny,Diwali
DON_3274,Pune,Kothrud,Grocery Store,18.4915,73.8454,2023-01-25,11:00,3.439145729278106,Cloudy,None
DON_1280,Pune,Koregaon Park,Restaurant,18.4974,73.9025,2023-01-25,18:00,28.783216850253417,Sunny,None
DON_5794,Pune,Viman Nagar,Restaurant,18.5513,73.877,2023-01-28,14:00,20.12014003731181,Sunny,Diwali
DON_5794,Pune,Viman Nagar,Restaurant,18.5513,73.877,2023-01-27,20:00,43.60358280358598,Sunny,Ganesh Chaturthi
DON_5794,Pune,Viman Nagar,Restaurant,18.5513,73.877,2023-01-26,17:00,9.722389194929278,Sunny,None
DON_5794,Pune,Viman Nagar,Restaurant,18.5513,73.877,2023-01-25,12:00,37.99094273414249,Sunny,Pune Festival
DON_5794,Pune,Viman Nagar,Restaurant,18.5513,73.877,2023-01-22,13:00,20.337280923448084,Rainy,None
DON_6895,Pune,Koregaon Park,Grocery Store,18.5437,73.8623,2023-01-27,18:00,5.773408141395901,Sunny,None
DON_6895,Pune,Koregaon Park,Grocery Store,18.5437,73.8623,2023-01-28,10:00,14.979715404587354,Rainy,None
DON_7102,Pune,Hinjewadi,Caterer,18.4736,73.8577,2023-01-26,17:00,13.562843363401036,Sunny,Diwali
DON_7102,Pune,Hinjewadi,Caterer,18.4736,73.8577,2023-01-22,13:00,8.186151789399354,Sunny,None
DON_7102,Pune,Hinjewadi,Caterer,18.4736,73.8577,2023-01-27,11:00,8.772986981397052,Sunny,None
DON_7102,Pune,Hinjewadi,Caterer,18.4736,73.8577,2023-01-26,19:00,13.430744450116554,Sunny,None
DON_7102,Pune,Hinjewadi,Caterer,18.4736,73.8577,2023-01-22,20:00,17.11402565195939,Rainy,None
DON_6485,Pune,Hinjewadi,Restaurant,18.5382,73.9351,2023-01-23,14:00,6.857085898391003,Cloudy,None
DON_7547,Pune,Hinjewadi,Grocery Store,18.5695,73.8489,2023-01-26,11:00,23.55398578273816,Rainy,None
DON_8858,Pune,Koregaon Park,Restaurant,18.564,73.9455,2023-01-24,21:00,40.29788867017774,Sunny,None
DON_8858,Pune,Koregaon Park,Restaurant,18.564,73.9455,2023-01-28,08:00,12.695017268841454,Sunny,Pune Festival
DON_6942,Pune,Viman Nagar,Restaurant,18.5481,73.865,2023-01-22,09:00,14.9522336481231,Rainy,Ganesh Chaturthi
DON_6877,Pune,Hinjewadi,Restaurant,18.5383,73.8586,2023-01-25,11:00,79.93576883740178,Sunny,None
DON_6877,Pune,Hinjewadi,Restaurant,18.5383,73.8586,2023-01-28,17:00,2.040218545237504,Rainy,None
DON_7416,Pune,Baner,Restaurant,18.5784,73.9419,2023-01-27,10:00,15.109124283416353,Sunny,Ganesh Chaturthi
DON_4319,Pune,Koregaon Park,Restaurant,18.517,73.9338,2023-01-26,09:00,10.050470071526153,Rainy,Diwali
DON_4319,Pune,Koregaon Park,Restaurant,18.517,73.9338,2023-01-25,09:00,20.516022122480997,Sunny,None
DON_4319,Pune,Koregaon Park,Restaurant,18.517,73.9338,2023-01-27,12:00,43.605973617875115,Rainy,Eid
DON_6862,Pune,Baner,Grocery Store,18.5272,73.8504,2023-01-25,15:00,11.340824322240941,Rainy,None
DON_5323,Pune,Viman Nagar,Grocery Store,18.532,73.864,2023-01-27,21:00,14.18898362656858,Cloudy,None
DON_4946,Pune,Koregaon Park,Caterer,18.5147,73.9466,2023-01-23,20:00,5.25174359372044,Sunny,None
DON_4946,Pune,Koregaon Park,Caterer,18.5147,73.9466,2023-01-27,19:00,22.038149581402713,Rainy,Eid
DON_4946,Pune,Koregaon Park,Caterer,18.5147,73.9466,2023-01-22,12:00,19.726035030535567,Sunny,Eid
DON_4946,Pune,Koregaon Park,Caterer,18.5147,73.9466,2023-01-25,18:00,5.717354183079907,Rainy,Diwali
DON_4946,Pune,Koregaon Park,Caterer,18.5147,73.9466,2023-01-28,11:00,28.36140834521985,Rainy,Eid
DON_6003,Pune,Viman Nagar,Restaurant,18.5468,73.9322,2023-01-25,09:00,21.315810752838477,Sunny,None
DON_9990,Pune,Hinjewadi,Grocery Store,18.5956,73.9591,2023-01-28,12:00,9.295377523172824,Cloudy,Eid
DON_7748,Pune,Koregaon Park,Grocery Store,18.5752,73.9747,2023-01-24,17:00,10.55314673051039,Sunny,None
DON_1644,Pune,Hinjewadi,Restaurant,18.4935,73.9818,2023-01-28,13:00,56.85036118195987,Sunny,None
DON_2556,Pune,Hinjewadi,Restaurant,18.538,73.9107,2023-01-28,14:00,21.188066331452085,Sunny,None
DON_2556,Pune,Hinjewadi,Restaurant,18.538,73.9107,2023-01-23,12:00,6.600932311491675,Sunny,None
DON_2556,Pune,Hinjewadi,Restaurant,18.538,73.9107,2023-01-26,14:00,3.789517319974964,Sunny,None
DON_2556,Pune,Hinjewadi,Restaurant,18.538,73.9107,2023-01-27,21:00,18.220875789240075,Sunny,None
DON_2556,Pune,Hinjewadi,Restaurant,18.538,73.9107,2023-01-22,13:00,16.228987164450707,Rainy,None
DON_5152,Pune,Baner,Grocery Store,18.5169,73.836,2023-01-25,09:00,31.15749375086443,Sunny,None
